<beans xmlns="http://www.springframework.org/schema/beans"
	xmlns:xsi="http://www.w3.org/2001/XMLSchema-instance" xmlns:aop="http://www.springframework.org/schema/aop"
	xmlns:context="http://www.springframework.org/schema/context" xmlns:tx="http://www.springframework.org/schema/tx"
	xmlns:util="http://www.springframework.org/schema/util" xmlns:mvc="http://www.springframework.org/schema/mvc"
	xsi:schemaLocation="http://www.springframework.org/schema/beans http://www.springframework.org/schema/beans/spring-beans.xsd
		http://www.springframework.org/schema/aop http://www.springframework.org/schema/aop/spring-aop.xsd
		http://www.springframework.org/schema/context http://www.springframework.org/schema/context/spring-context.xsd
		http://www.springframework.org/schema/tx http://www.springframework.org/schema/tx/spring-tx.xsd
		http://www.springframework.org/schema/util http://www.springframework.org/schema/util/spring-util.xsd
		http://www.springframework.org/schema/mvc http://www.springframework.org/schema/mvc/spring-mvc.xsd">

	<!-- Active les annotations MVC (@Controller, @RequestMapping, ...) -->
	<mvc:annotation-driven />
	
	<context:property-placeholder location="classpath*:db.properties"/>
	
	<bean class="org.springframework.web.servlet.view.InternalResourceViewResolver"> 
		<property name="prefix" value="/WEB-INF/views/" /> 
		<property name="suffix" value=".jsp" /> 
	</bean>
	<context:component-scan base-package="com.monapp.controller, com.monapp.dao" />
	
	   <!-- Simple implementation of the standard JDBC DataSource interface,
        configuring the plain old JDBC DriverManager via bean properties -->
   <bean id="dataSource" class="org.springframework.jdbc.datasource.DriverManagerDataSource">
      <property name="driverClassName" value="${database.driver}" />
      <property name="url" value="${database.url}" />
      <property name="username" value="${database.login}" />
      <property name="password" value="${database.passwd}" />
   </bean>
	   
   	<!-- This produces a container-managed EntityManagerFactory;
         rather than application-managed EntityManagerFactory as in case of LocalEntityManagerFactoryBean -->
    <bean id="entityManagerFactoryBean" class="org.springframework.orm.jpa.LocalContainerEntityManagerFactoryBean">
      <property name="dataSource" ref="dataSource" />
      <!-- This makes /META-INF/persistence.xml is no longer necessary -->
      <property name="packagesToScan" value="com.monapp.metier" />
      <!-- JpaVendorAdapter implementation for Hibernate EntityManager.
           Exposes Hibernate's persistence provider and EntityManager extension interface -->
      <property name="jpaVendorAdapter">
         <bean class="org.springframework.orm.jpa.vendor.HibernateJpaVendorAdapter" />
      </property>
      <property name="jpaProperties">
         <props>
            <prop key="hibernate.hbm2ddl.auto">${database.hbm2ddl}</prop>
            <prop key="hibernate.show_sql">true</prop>
            <prop key="hibernate.dialect">${database.dialect}</prop>
         </props>
      </property>
   </bean>
   
	<tx:annotation-driven/>
    <bean id="transactionManager" class="org.springframework.orm.jpa.JpaTransactionManager">
      <property name="entityManagerFactory" ref="entityManagerFactoryBean" />
   </bean>
   
   	<bean id="messageSource"
		class="org.springframework.context.support.ReloadableResourceBundleMessageSource">
		<property name="basename" value="classpath:messages" />
		<property name="defaultEncoding" value="UTF-8" />
	</bean>

	<bean id="localeResolver"
		class="org.springframework.web.servlet.i18n.SessionLocaleResolver">
		<property name="defaultLocale" value="en" />
	</bean>

	<mvc:interceptors>
		<bean
			class="org.springframework.web.servlet.i18n.LocaleChangeInterceptor">
			<property name="paramName" value="language" />
		</bean>
	</mvc:interceptors>
   
	
</beans>
