<persistence version="2.0" xmlns="http://java.sun.com/xml/ns/persistence" xmlns:xsi="http://www.w3.org/2001/XMLSchema-instance" xsi:schemaLocation="http://java.sun.com/xml/ns/persistence http://java.sun.com/xml/ns/persistence/persistence_2_0.xsd">
   <persistence-unit name="demoRestPersistence">
      <provider>org.hibernate.ejb.HibernatePersistence</provider>
   </persistence-unit>

   <persistence-unit name="demoRestPersistenceLegacy">
      <provider>org.hibernate.ejb.HibernatePersistence</provider>
   </persistence-unit>   
</persistence>